Instrument,800N8573
Date,2023/02/23
Time,11:58:20
Assay #,0001
Application,Geo
Method,Geo
Assay Duration (set),30s
Assay Duration (total actual),42.93s
Phase Count,3
eV Channel Start,0.07689905911684036,0.19110947847366333,0.18030017614364624
eV per Channel,19.983224868774414,19.983224868774414,19.983224868774414
""
